{
  "project_info": {
    "project_number": "283501826869",
    "firebase_url": "https://messenger-715ad-default-rtdb.firebaseio.com",
    "project_id": "messenger-715ad",
    "storage_bucket": "messenger-715ad.appspot.com"
  },
  "client": [
    {
      "client_info": {
        "mobilesdk_app_id": "1:283501826869:android:82bacf6a534d7baa68727c",
        "android_client_info": {
          "package_name": "com.jamesogilvie.Messenger.messenger_app_flutter"
        }
      },
      "oauth_client": [
        {
          "client_id": "283501826869-j3dilulj0duonp1fk5mfqdo54jnbuu75.apps.googleusercontent.com",
          "client_type": 3
        }
      ],
      "api_key": [
        {
          "current_key": "AIzaSyCaOlJnuBaBrZ5f2EPdaNqgacDkUO3StMY"
        }
      ],
      "services": {
        "appinvite_service": {
          "other_platform_oauth_client": [
            {
              "client_id": "283501826869-j3dilulj0duonp1fk5mfqdo54jnbuu75.apps.googleusercontent.com",
              "client_type": 3
            },
            {
              "client_id": "283501826869-h3lvn8rbg1f335j0khd10pn99c36mn5d.apps.googleusercontent.com",
              "client_type": 2,
              "ios_info": {
                "bundle_id": "com.jamesogilvie.Messenger"
              }
            }
          ]
        }
      }
    }
  ],
  "configuration_version": "1"
}